Electrode_location,Pain,Itching,Tingling_Electrial,Warmth_Heat,Metalic_Iron,Pleasant
anterior,15.9453959009229,15.012434911913,32.6825439729398,0.589441956422298,0,65.5344648893373
