Electrode_location,Pain,Itching,Tingling_Electrial,Warmth_Heat,Metalic_Iron,Pleasant
anterior,0.550903979218573,11.4729025573127,28.2146226686648,0.621404913235918,0.711712206035694,94.5139884580013
