Experiment_time,Headache,Neck_pain,Back_pain,Blurred_vision,Scalp_irritation,Tingling,Itching,Increased_heart_rate,Burning_sensation,Hot_flush,Dizziness,Acute_mood_change,Fatigue,Anxiety,Others
pre,0.351503439873352,0.600562695727581,0.937270652827726,0.480456490928155,0.713188635017589,0.693060302711245,0.911446874686509,0.740852409389339,0.723697673616298,0.482479370194826,0.734521034254815,0.713188635017589,61.6331019493627,0.813475673812888,0.808556113237618
