Electrode_location,Pain,Itching,Tingling_Electrial,Warmth_Heat,Metalic_Iron,Pleasant
anterior,13.4104269634026,48.7888898778847,23.3317588491321,36.0833353853901,0,85.6210313922476
