Experiment_time,Headache,Neck_pain,Back_pain,Blurred_vision,Scalp_irritation,Tingling,Itching,Increased_heart_rate,Burning_sensation,Hot_flush,Dizziness,Acute_mood_change,Fatigue,Anxiety,Others
pre,0.729843064024103,1.10643329472728,2.58579434242449,0.617387521057729,1.75852856043911,7.1250163489018,2.67780664188443,3.94956563585569,3.63096866665152,0.369645061847024,4.53971191079367,0.87563150983204,4.5638224181066,7.8001878841817,0.74405920288871
