Experiment_time,Headache,Neck_pain,Back_pain,Blurred_vision,Scalp_irritation,Tingling,Itching,Increased_heart_rate,Burning_sensation,Hot_flush,Dizziness,Acute_mood_change,Fatigue,Anxiety,Others
pre,1.00288714201264,2.39644256980647,1.0139787227853,1.13567066697945,1.33504133313623,3.29943066468241,2.16347840714613,8.61948812648884,1.66958363180907,2.2754564382542,1.27303002005671,1.00729453084816,10.0154763053254,0.750556796364267,1.65475117648682
