Electrode_location,Pain,Itching,Tingling_Electrial,Warmth_Heat,Metalic_Iron,Pleasant
posterior,1.85558573636528,0.830315486258011,12.4624163373445,1.48145717088707,1.34932988108741,102.223126793913
