Electrode_location,Pain,Itching,Tingling_Electrial,Warmth_Heat,Metalic_Iron,Pleasant
total,17.9494029929139,11.8243313803267,34.5886102219582,14.219101717874,1.23345060482785,97.5357317476669
