Electrode_location,Pain,Itching,Tingling_Electrial,Warmth_Heat,Metalic_Iron,Pleasant
total,0.351503439873352,8.45829285908092,10.304846468766,30.5352246611878,0,75.3947110448528
