Electrode_location,Pain,Itching,Tingling_Electrial,Warmth_Heat,Metalic_Iron,Pleasant
anterior,1.01848434771315,1.01622654167087,7.61193759671491,0.694460287549775,1.19598032822849,122.082187156066
