Electrode_location,Pain,Itching,Tingling_Electrial,Warmth_Heat,Metalic_Iron,Pleasant
posterior,66.2179695767786,81.3102497108604,95.6495882845804,6.89644397299058,0.532968622654246,49.5288242369325
