Electrode_location,Pain,Itching,Tingling_Electrial,Warmth_Heat,Metalic_Iron,Pleasant
anterior,9.11483155183517,33.1016848258751,34.2466799973877,11.415839524407,0.239229421953588,90.2671112560568
