Experiment_time,Headache,Neck_pain,Back_pain,Blurred_vision,Scalp_irritation,Tingling,Itching,Increased_heart_rate,Burning_sensation,Hot_flush,Dizziness,Acute_mood_change,Fatigue,Anxiety,Others
pre,0.588231688464347,1.15036306132966,1.04162667600997,1.56441182038961,0.614737992991831,0.646651769128919,0,0.72675737854175,0.826891981272059,0.723697673616298,1.22408252217622,0.981416288846395,5.19442890773481,1.58746746482057,1.66585065230906
