Electrode_location,Pain,Itching,Tingling_Electrial,Warmth_Heat,Metalic_Iron,Pleasant
total,11.0785914182181,29.5501640193434,21.0561014788619,6.38326047709629,0.39332869193641,92.9520999882627
