Electrode_location,Pain,Itching,Tingling_Electrial,Warmth_Heat,Metalic_Iron,Pleasant
total,20.948376406114,15.4767647135172,7.01650174472291,50.6132266972165,0.119615232304029,81.054618166461
