Electrode_location,Pain,Itching,Tingling_Electrial,Warmth_Heat,Metalic_Iron,Pleasant
total,1.17392954439263,0.370441688510391,18.1622993129082,5.6982873431199,0.763898460929995,94.6044871569815
