Experiment_time,Headache,Neck_pain,Back_pain,Blurred_vision,Scalp_irritation,Tingling,Itching,Increased_heart_rate,Burning_sensation,Hot_flush,Dizziness,Acute_mood_change,Fatigue,Anxiety,Others
pre,0.869934135629039,1.04162667600997,0.714671202044223,1.21371205775381,1.43209618416465,0.710241877060624,0.6916659507919,1.22147332969774,0.591877494064481,1.56441182038961,1.26460210452351,0.774220164928062,0.964890324120116,0.981416288846395,1.32941027315728
