Electrode_location,Pain,Itching,Tingling_Electrial,Warmth_Heat,Metalic_Iron,Pleasant
anterior,0.372045287203296,0.617387521057729,15.9105973752817,7.4695071824842,0.625474928774865,93.822270482856
