Electrode_location,Pain,Itching,Tingling_Electrial,Warmth_Heat,Metalic_Iron,Pleasant
anterior,5.24181994697956,45.8120117968208,11.7948294987313,5.29704810459679,0.624112346205262,86.0591834917832
