Electrode_location,Pain,Itching,Tingling_Electrial,Warmth_Heat,Metalic_Iron,Pleasant
anterior,0.54178791291238,17.2788234988254,11.2159279980523,4.01630390949195,4.72240687991576,94.0001857605131
