Electrode_location,Pain,Itching,Tingling_Electrial,Warmth_Heat,Metalic_Iron,Pleasant
total,25.9513905391915,13.1751801037227,8.04154635123603,25.3402551215159,0,84.1563860853212
