Exp_Reduce_Concentrate,Exp_Increase_Concentrate,Exp_Reduce_Alertness,Exp_Increase_Alertness,Exp_Reduce_Pain_Heat,Exp_Increase_Pain_Heat,Exp_Worsen_Mood,Exp_Improve_Mood,Exp_Induce_Side_effects,Exp_Painful,Exp_Itchy,Exp_Tingle_Electrical_sensations,Exp_Warm_Hot,Exp_Metallic_Iron,Exp_Pleasant,Feeling_Anxious_overall,Feeling_Excited,Feeling_Calm,Feeling_Engaged,Feeling_Curious
0.713188635017589,0.127323744887381,0.76902468257804,0.522042769903145,1.69178856826448,1.19348942398204,62.7180996712458,0.935358195757145,0.115515527987426,0.651060380229486,0.116454676045401,0.37776889622899,0.842524260740415,0.837248244347849,93.6200104784773,0.117650305925929,0.246431940676918,0.757168865058535,0.731395753097544,1.08092418666069
