Electrode_location,Pain,Itching,Tingling_Electrial,Warmth_Heat,Metalic_Iron,Pleasant
posterior,6.68777168194926,15.807084088688,26.3966997139301,26.6213338500484,13.5923448160296,86.8060035361265
