Experiment_time,Headache,Neck_pain,Back_pain,Blurred_vision,Scalp_irritation,Tingling,Itching,Increased_heart_rate,Burning_sensation,Hot_flush,Dizziness,Acute_mood_change,Fatigue,Anxiety,Others
pre,0,0.420254904716768,0.622755687206318,0.133556353705926,0.39880408973683,1.1457628381751,0.121905729904728,0.53671291460189,0.279489390544744,0.237248248653326,0,0.255213365608607,0,0.617387521057729,0
