Electrode_location,Pain,Itching,Tingling_Electrial,Warmth_Heat,Metalic_Iron,Pleasant
anterior,17.6236669907831,31.7335191534163,30.3255618828349,29.3745772027305,0.135771735233617,60.6349929087587
