Experiment_time,Headache,Neck_pain,Back_pain,Blurred_vision,Scalp_irritation,Tingling,Itching,Increased_heart_rate,Burning_sensation,Hot_flush,Dizziness,Acute_mood_change,Fatigue,Anxiety,Others
pre,12.0771303187578,1.10406464562587,1.090062998213,0.883345107788939,1.05873372320278,0.484519355044736,0.833767455136415,1.10170611520637,7.93479676581269,7.90028404526738,1.41152002782616,1.24266367384458,17.1781305106701,9.52466797179,0.837248244347849
