Electrode_location,Pain,Itching,Tingling_Electrial,Warmth_Heat,Metalic_Iron,Pleasant
total,2.0183991667931,20.9210745539028,8.60032231064623,16.784578310598,0.121905729904728,93.8853160527997
