Experiment_time,Headache,Neck_pain,Back_pain,Blurred_vision,Scalp_irritation,Tingling,Itching,Increased_heart_rate,Burning_sensation,Hot_flush,Dizziness,Acute_mood_change,Fatigue,Anxiety,Others
pre,0.480456490928155,0,6.7618900648948,0,0.378600962114327,0.25129566720895,0.368062043128493,0.367275607338095,0.13021745650825,0.124285660838361,0.123748791406459,0.119615232304029,10.5965397127859,7.68595792104405,0.629598608410267
