Electrode_location,Pain,Itching,Tingling_Electrial,Warmth_Heat,Metalic_Iron,Pleasant
posterior,5.33215888165956,10.2935410664832,2.68567981273313,0.494983620757318,0.508153234978498,87.4941250445862
