Experiment_time,Headache,Neck_pain,Back_pain,Blurred_vision,Scalp_irritation,Tingling,Itching,Increased_heart_rate,Burning_sensation,Hot_flush,Dizziness,Acute_mood_change,Fatigue,Anxiety,Others
pre,3.16578875768655,0.842524260740415,0.498211612613642,0.363393306012364,3.77486875069209,0.596809451229177,0,0.477453777309577,0.954841253872189,0,0,1.40028463920565,11.2298732161382,0,0.361863269708058
