Electrode_location,Pain,Itching,Tingling_Electrial,Warmth_Heat,Metalic_Iron,Pleasant
posterior,2.53916919128806,1.55786939663846,8.00472885729286,3.13807442738063,0.60692411529218,94.0947258068477
