Electrode_location,Pain,Itching,Tingling_Electrial,Warmth_Heat,Metalic_Iron,Pleasant
total,3.14352101223228,17.0439339363157,154.926689258295,6.54629078329404,1.37283869014682,74.0924480694742
