Experiment_time,Headache,Neck_pain,Back_pain,Blurred_vision,Scalp_irritation,Tingling,Itching,Increased_heart_rate,Burning_sensation,Hot_flush,Dizziness,Acute_mood_change,Fatigue,Anxiety,Others
pre,0.358093959323571,1.08319449531398,1.2188752351313,1.50085608729343,0.584630520705178,0.252959855370859,1.87787744728536,0.851466945155558,1.06091169026423,1.02992554079033,1.64743331247393,0.598055309575826,1.23997476631269,0.952856503300962,1.51973560928384
