Electrode_location,Pain,Itching,Tingling_Electrial,Warmth_Heat,Metalic_Iron,Pleasant
anterior,5.89352923206508,0.981416288846395,4.66187309523883,32.8991196164479,0.720663622517656,104.890885365775
