Experiment_time,Headache,Neck_pain,Back_pain,Blurred_vision,Scalp_irritation,Tingling,Itching,Increased_heart_rate,Burning_sensation,Hot_flush,Dizziness,Acute_mood_change,Fatigue,Anxiety,Others
pre,2.23422582644956,0,0.866176894551934,0.122688847839079,0,0.478450502998592,0.249110515152914,1.090062998213,3.51587189432724,0,2.1257233674592,0,19.7288839882749,0.485545830008134,12.9123609837573
