Experiment_time,Headache,Neck_pain,Back_pain,Blurred_vision,Scalp_irritation,Tingling,Itching,Increased_heart_rate,Burning_sensation,Hot_flush,Dizziness,Acute_mood_change,Fatigue,Anxiety,Others
post,0.630985277485073,0,0.123748791406459,0.361863269708058,3.05776567780729,2.59135958664626,10.0079798014413,0.354402363674318,0,0,0,0,10.6196552761551,0.844297739537418,5.87191935913425
