Electrode_location,Pain,Itching,Tingling_Electrial,Warmth_Heat,Metalic_Iron,Pleasant
total,19.278063414906,28.9322297026885,49.4951396127192,7.51906639122894,0,91.8923439906438
