Electrode_location,Pain,Itching,Tingling_Electrial,Warmth_Heat,Metalic_Iron,Pleasant
posterior,1.47827265668887,0.846078699739117,13.2547125776448,0.652543305391903,1.07866337383335,111.010531379238
