Electrode_location,Pain,Itching,Tingling_Electrial,Warmth_Heat,Metalic_Iron,Pleasant
posterior,1.63657704161672,3.11506475990549,2.73249777495479,3.76233272357016,0,93.6350820410352
