Exp_Reduce_Concentrate,Exp_Increase_Concentrate,Exp_Reduce_Alertness,Exp_Increase_Alertness,Exp_Reduce_Pain_Heat,Exp_Increase_Pain_Heat,Exp_Worsen_Mood,Exp_Improve_Mood,Exp_Induce_Side_effects,Exp_Painful,Exp_Itchy,Exp_Tingle_Electrical_sensations,Exp_Warm_Hot,Exp_Metallic_Iron,Exp_Pleasant,Feeling_Anxious_overall,Feeling_Excited,Feeling_Calm,Feeling_Engaged,Feeling_Curious
0.259255151501386,0.510416604288753,0.520856374501958,0.382816883681839,11.1038334366361,1.26739898523326,0.38800160501356,0.39064698879561,0.545657593415721,2.05457288092569,73.8839290617173,79.6409475119163,55.2893317711996,0.633777020502411,93.6151895023064,6.822372566239,0.127041431523502,5.73710055152938,3.15700008540515,12.4704617216689
