Electrode_location,Pain,Itching,Tingling_Electrial,Warmth_Heat,Metalic_Iron,Pleasant
anterior,1.51741412501214,72.3121741069447,17.0836906645485,0.515004372692725,0.465809082764994,94.381037831808
