Experiment_time,Headache,Neck_pain,Back_pain,Blurred_vision,Scalp_irritation,Tingling,Itching,Increased_heart_rate,Burning_sensation,Hot_flush,Dizziness,Acute_mood_change,Fatigue,Anxiety,Others
post,8.02875379326731,0,2.60256220249981,10.3397758158998,10.228101306743,3.20718546727868,28.8942503447292,0.122426692980105,0.349360179502785,2.09375192871855,0.613421738242098,0.129922179842429,10.3617439470968,0.630985277485073,0.24696303742625
