Electrode_location,Pain,Itching,Tingling_Electrial,Warmth_Heat,Metalic_Iron,Pleasant
total,12.1301630848725,21.1382386785052,26.6795281066913,18.2654351769449,0,82.7968175611024
