Experiment_time,Headache,Neck_pain,Back_pain,Blurred_vision,Scalp_irritation,Tingling,Itching,Increased_heart_rate,Burning_sensation,Hot_flush,Dizziness,Acute_mood_change,Fatigue,Anxiety,Others
post,1.92518370832315,4.45560283332632,12.2132765464394,1.77016705991896,20.6285164426517,4.56900274506076,32.6363093539596,4.41750935153507,2.82132878327291,4.02483934306625,30.2292354978187,3.01968479312475,46.3574658445306,14.3148269104049,1.68850225482095
