Experiment_time,Headache,Neck_pain,Back_pain,Blurred_vision,Scalp_irritation,Tingling,Itching,Increased_heart_rate,Burning_sensation,Hot_flush,Dizziness,Acute_mood_change,Fatigue,Anxiety,Others
pre,0.368851854040212,0.376940479597133,0.119117873106879,0.248570152059589,0,0.382816883681839,0,0,1.21114683544168,0,0.272834983068092,0.133245758655687,0,2.0183991667931,0.129922179842429
