Electrode_location,Pain,Itching,Tingling_Electrial,Warmth_Heat,Metalic_Iron,Pleasant
posterior,1.46255321909785,0.975153143092563,7.95216572274559,3.13122142269203,1.04797664600648,94.3691663752206
