Electrode_location,Pain,Itching,Tingling_Electrial,Warmth_Heat,Metalic_Iron,Pleasant
posterior,2.43937661726107,75.0200750477771,51.8847380873876,0.352946949384109,0,88.1200694556606
