Electrode_location,Pain,Itching,Tingling_Electrial,Warmth_Heat,Metalic_Iron,Pleasant
anterior,17.595672069944,25.9804206563728,35.9097230791777,3.27422176348542,0.131714203638621,79.2407193907594
