Experiment_time,Headache,Neck_pain,Back_pain,Blurred_vision,Scalp_irritation,Tingling,Itching,Increased_heart_rate,Burning_sensation,Hot_flush,Dizziness,Acute_mood_change,Fatigue,Anxiety,Others
pre,0.468666680118267,0.8643104174951,0.693060302711245,0,0.124827208848866,0.246431940676918,0.38027613852262,0,0.707319368544256,0.525634606457613,0.476461195722935,0.475472732447872,0.58582600090433,0.483497210890261,0.815128856791311
