Experiment_time,Headache,Neck_pain,Back_pain,Blurred_vision,Scalp_irritation,Tingling,Itching,Increased_heart_rate,Burning_sensation,Hot_flush,Dizziness,Acute_mood_change,Fatigue,Anxiety,Others
post,0.376940479597133,0.362626673962514,0.123216540184779,0,0.122688847839079,8.79442352094692,0,0,0,0.120369107607331,0.250745793127765,0.998518150079126,1.29313884132139,0,0
