Electrode_location,Pain,Itching,Tingling_Electrial,Warmth_Heat,Metalic_Iron,Pleasant
posterior,11.4336812654267,61.7798037834094,0.545657593415721,0.630985277485073,0,98.8806591505202
