Electrode_location,Pain,Itching,Tingling_Electrial,Warmth_Heat,Metalic_Iron,Pleasant
anterior,3.94081650821679,11.2047061836704,10.2176762563901,8.5068175321314,0.23675807190711,122.886581829463
