Experiment_time,Headache,Neck_pain,Back_pain,Blurred_vision,Scalp_irritation,Tingling,Itching,Increased_heart_rate,Burning_sensation,Hot_flush,Dizziness,Acute_mood_change,Fatigue,Anxiety,Others
post,2.80756508380095,41.0892031144972,31.7048085560686,0.255783030739264,7.27500495788926,7.04431812125868,11.5237217038973,25.2300098439418,14.2017420819231,18.8024862018465,22.9597172957562,38.6598082540901,40.6733647699039,14.9314171781376,0.905275578915788
