Electrode_location,Pain,Itching,Tingling_Electrial,Warmth_Heat,Metalic_Iron,Pleasant
total,28.9531558447504,47.6813143176755,43.1464145771272,40.8239094723954,0,64.0607963982864
