Electrode_location,Pain,Itching,Tingling_Electrial,Warmth_Heat,Metalic_Iron,Pleasant
total,13.0672119757659,9.24333315115835,23.3790232337198,27.1751477445836,0,85.5443971666737
