Experiment_time,Headache,Neck_pain,Back_pain,Blurred_vision,Scalp_irritation,Tingling,Itching,Increased_heart_rate,Burning_sensation,Hot_flush,Dizziness,Acute_mood_change,Fatigue,Anxiety,Others
post,0.87563150983204,1.68088360284296,1.00508600525418,0.989893367381848,1.03327878075134,18.3932184737728,0.370441688510391,1.66028236898281,20.8208928533108,24.5997906051575,0,0.579896994928469,0,1.23197740263973,0.763898460929995
