Experiment_time,Headache,Neck_pain,Back_pain,Blurred_vision,Scalp_irritation,Tingling,Itching,Increased_heart_rate,Burning_sensation,Hot_flush,Dizziness,Acute_mood_change,Fatigue,Anxiety,Others
pre,18.7497576303111,1.51074727070707,7.72599898774974,1.53434149970077,1.72451327853362,1.61179360025369,1.07641199738721,1.53223778287944,1.66718194200098,0.72675737854175,0.844297739537418,0.716159945470409,30.3355385115889,50.3859994822853,2.02837771595845
