Electrode_location,Pain,Itching,Tingling_Electrial,Warmth_Heat,Metalic_Iron,Pleasant
overall,3.80564278438609,38.2368945393936,19.5862682697414,7.89668304580552,0.758840124268547,90.5047955685558
