Experiment_time,Headache,Neck_pain,Back_pain,Blurred_vision,Scalp_irritation,Tingling,Itching,Increased_heart_rate,Burning_sensation,Hot_flush,Dizziness,Acute_mood_change,Fatigue,Anxiety,Others
post,0,3.649724599383,0.891195803492497,0.251847958272466,0.860601489833936,1.12575470960237,1.87993054433945,0.254081613891238,0.122165656047207,0,0,0,2.06381972845696,2.53457709989796,0
