Electrode_location,Pain,Itching,Tingling_Electrial,Warmth_Heat,Metalic_Iron,Pleasant
posterior,2.9389441268328,10.1246716553978,9.87113281958075,29.6068933336964,0,86.4019599386387
