Electrode_location,Pain,Itching,Tingling_Electrial,Warmth_Heat,Metalic_Iron,Pleasant
posterior,9.61528540548305,15.2657035504365,18.6801503766733,24.5377284765778,0,113.266516717169
