Electrode_location,Pain,Itching,Tingling_Electrial,Warmth_Heat,Metalic_Iron,Pleasant
posterior,3.59125903720553,10.9462316068158,3.86378197582177,27.6130278230845,0,86.543380827958
