Experiment_time,Headache,Neck_pain,Back_pain,Blurred_vision,Scalp_irritation,Tingling,Itching,Increased_heart_rate,Burning_sensation,Hot_flush,Dizziness,Acute_mood_change,Fatigue,Anxiety,Others
pre,1.12575470960237,0.629598608410267,2.48955292199916,0.367275607338095,0.366492525080936,0.369645061847024,0.357349500564039,0.354402363674318,0.257507387578888,0,0.363393306012364,0.249110515152914,1.72451327853362,0.38800160501356,0.250745793127765
