Experiment_time,Headache,Neck_pain,Back_pain,Blurred_vision,Scalp_irritation,Tingling,Itching,Increased_heart_rate,Burning_sensation,Hot_flush,Dizziness,Acute_mood_change,Fatigue,Anxiety,Others
post,1.06971389928406,6.17355398159248,8.54332909609983,9.00994474651451,5.68705337731503,67.7891698859916,70.0380475400936,1.32661251590427,34.8027944289088,1.05873372320278,1.29606349801712,0.540510187130666,54.2874354222855,32.3958527162382,0.961709329858762
