Electrode_location,Pain,Itching,Tingling_Electrial,Warmth_Heat,Metalic_Iron,Pleasant
post,26.142434545887,0.838999559596752,8.80679269443531,11.3359169527436,7.24251586019064,61.5761033561734
