Electrode_location,Pain,Itching,Tingling_Electrial,Warmth_Heat,Metalic_Iron,Pleasant
anterior,2.00955381302114,12.2703970255005,14.9082580122553,5.3519581481109,0,93.9219425063723
