Electrode_location,Pain,Itching,Tingling_Electrial,Warmth_Heat,Metalic_Iron,Pleasant
anterior,9.1869656833558,8.28234941703132,8.69550287742477,9.26282517469932,0,108.942726779748
