Electrode_location,Pain,Itching,Tingling_Electrial,Warmth_Heat,Metalic_Iron,Pleasant
Posterior,0.540510187130666,3.60038128720312,3.59954670843897,2.94471824420645,7.61135986104582,93.751729070526
