Experiment_time,Headache,Neck_pain,Back_pain,Blurred_vision,Scalp_irritation,Tingling,Itching,Increased_heart_rate,Burning_sensation,Hot_flush,Dizziness,Acute_mood_change,Fatigue,Anxiety,Others
pre,0.114362681484141,0.598055309575826,0.369645061847024,0,0.610806065902096,0.600562695727581,1.00508600525418,2.35168793124273,1.83577474054569,0.971021931079167,1.49758773901752,0.121646907477614,7.97206965174594,2.4614253938154,0.368851854040212
