Electrode_location,Pain,Itching,Tingling_Electrial,Warmth_Heat,Metalic_Iron,Pleasant
total,0.716159945470409,30.8556106063069,57.65940678502,5.6721739795252,0.251847958272466,93.958353636385
