Experiment_time,Headache,Neck_pain,Back_pain,Blurred_vision,Scalp_irritation,Tingling,Itching,Increased_heart_rate,Burning_sensation,Hot_flush,Dizziness,Acute_mood_change,Fatigue,Anxiety,Others
post,1.38186703302987,1.827968244305,1.33504133313623,4.76364169072618,8.46849438187129,15.6519280690654,43.7188383053579,1.47194451572769,1.49758773901752,1.706178294447,8.0758963348383,1.98347669450931,19.2664117853377,1.61879767785018,1.01622654167087
