Experiment_time,Headache,Neck_pain,Back_pain,Blurred_vision,Scalp_irritation,Tingling,Itching,Increased_heart_rate,Burning_sensation,Hot_flush,Dizziness,Acute_mood_change,Fatigue,Anxiety,Others
pre,0.621404913235918,1.2679088384907,0.694460287549775,0.810735219262376,0.684777507009145,0.996347896504926,0.609506576675196,1.18254310334088,0.643745714175381,0.346542827690578,0.642302459194123,0.846078699739117,34.8065309129083,3.15071641326774,0.498211612613642
