Electrode_location,Pain,Itching,Tingling_Electrial,Warmth_Heat,Metalic_Iron,Pleasant
anterior,1.01848434771315,24.8837751920359,21.4565551325634,0.99203556598862,1.01174082494392,93.5274680503741
