Electrode_location,Pain,Itching,Tingling_Electrial,Warmth_Heat,Metalic_Iron,Pleasant
total,0.927785774461679,0.93919094573558,1.39101488660633,0.604363444397268,0.357349500564039,94.4269716474794
