Experiment_time,Headache,Neck_pain,Back_pain,Blurred_vision,Scalp_irritation,Tingling,Itching,Increased_heart_rate,Burning_sensation,Hot_flush,Dizziness,Acute_mood_change,Fatigue,Anxiety,Others
pre,4.48460600954462,3.74186341535915,31.9121327773774,2.62969088395407,1.28864478516243,1.25353692449816,1.21114683544168,1.76239102366051,0.937270652827726,1.47510180085697,1.58437291995775,0.989893367381848,32.2221218831463,12.0602778998815,1.37283869014682
