Experiment_time,Headache,Neck_pain,Back_pain,Blurred_vision,Scalp_irritation,Tingling,Itching,Increased_heart_rate,Burning_sensation,Hot_flush,Dizziness,Acute_mood_change,Fatigue,Anxiety,Others
pre,0.128754343973058,22.003243189621,0.415179541144864,0,0.239729896080852,0.394230793523601,0.528056748900181,0.240737152721803,1.90915243299638,0.66006042406149,0.352946949384109,0.522042769903145,15.980343002117,4.16908418865672,0.502581666721031
