Electrode_location,Pain,Itching,Tingling_Electrial,Warmth_Heat,Metalic_Iron,Pleasant
posterior,7.98486621525658,20.9928533731142,23.7858843130059,22.8085986292739,0.127892152578922,76.7055926993257
