Electrode_location,Pain,Itching,Tingling_Electrial,Warmth_Heat,Metalic_Iron,Pleasant
anterior,8.42696902148067,46.406324213928,29.5965750375304,25.0560888335354,0.24696303742625,92.3703674708687
