Electrode_location,Pain,Itching,Tingling_Electrial,Warmth_Heat,Metalic_Iron,Pleasant
posterior,0.781257661608643,4.31126061779974,6.93772490100127,1.27560615330047,0.739259355407848,93.8140748342904
