Experiment_time,Headache,Neck_pain,Back_pain,Blurred_vision,Scalp_irritation,Tingling,Itching,Increased_heart_rate,Burning_sensation,Hot_flush,Dizziness,Acute_mood_change,Fatigue,Anxiety,Others
pre,0.635182176049667,1.21114683544168,15.244198981537,1.52284199113104,1.08776384038409,1.73220731862125,0.589441956422298,0.347242897085765,1.24266367384458,0.954841253872189,0.897176008987582,1.26739898523326,31.1849746587384,4.00542056242143,0.933453526664025
