Exp_Reduce_Concentrate,Exp_Increase_Concentrate,Exp_Reduce_Alertness,Exp_Increase_Alertness,Exp_Reduce_Pain_Heat,Exp_Increase_Pain_Heat,Exp_Worsen_Mood,Exp_Improve_Mood,Exp_Induce_Side_effects,Exp_Painful,Exp_Itchy,Exp_Tingle_Electrical_sensations,Exp_Warm_Hot,Exp_Metallic_Iron,Exp_Pleasant,Feeling_Anxious_overall,Feeling_Excited,Feeling_Calm,Feeling_Engaged,Feeling_Curious
2.12109639666145,1.60140036411537,0.998518150079126,1.14322301905743,2.42121226868785,2.23117460803125,0,0.133868400126999,0.125924587386277,0.625474928774865,8.11195354908888,10.5652285783732,10.1942369932141,9.17430276221642,94.0209801504101,0,0.353673159246461,1.34072029090431,2.1124112702291,2.10278811177153
