Experiment_time,Headache,Neck_pain,Back_pain,Blurred_vision,Scalp_irritation,Tingling,Itching,Increased_heart_rate,Burning_sensation,Hot_flush,Dizziness,Acute_mood_change,Fatigue,Anxiety,Others
pre,0.847867188782471,0.858758936363546,0.636593575963486,0.489695593129224,0.881403996582138,3.73950336293107,0.645195469482707,3.91992168470026,0.8775472532174,1.00288714201264,3.29943066468241,0.860601489833936,22.728137207864,7.51906639122894,0.958835661249507
