Electrode_location,Pain,Itching,Tingling_Electrial,Warmth_Heat,Metalic_Iron,Pleasant
anterior,3.80564278438609,72.001808881171,62.2703354067326,25.4417484630026,1.41283817821917,85.7451331198489
