Electrode_location,Pain,Itching,Tingling_Electrial,Warmth_Heat,Metalic_Iron,Pleasant
anterior,0.577558859311459,0,0.240232468595318,1.01848434771315,1.09701915219069,93.7029135390111
