Electrode_location,Pain,Itching,Tingling_Electrial,Warmth_Heat,Metalic_Iron,Pleasant
posterior,1.07641199738721,0.832037890571729,1.32382650764621,13.3145932798825,1.20099345513354,111.778052056128
