Electrode_location,Pain,Itching,Tingling_Electrial,Warmth_Heat,Metalic_Iron,Pleasant
anterior,58.5889787084474,30.809913228377,68.8462342357761,93.695485276672,1.06091169026423,87.4551956201869
