Electrode_location,Pain,Itching,Tingling_Electrial,Warmth_Heat,Metalic_Iron,Pleasant
posterior,4.64203781350753,43.2695360384706,78.4481104359378,1.48465543187176,1.90518622924298,82.3072615133648
