Electrode_location,Pain,Itching,Tingling_Electrial,Warmth_Heat,Metalic_Iron,Pleasant
posterior,2.85620639680421,10.304846468766,62.7776646995589,10.7842978675626,1.89234399064378,99.3793450328532
