Electrode_location,Pain,Itching,Tingling_Electrial,Warmth_Heat,Metalic_Iron,Pleasant
total,5.44661997868802,1.12575470960237,6.53795745784729,15.0874242174702,1.87403994824464,102.360899007307
