Electrode_location,Pain,Itching,Tingling_Electrial,Warmth_Heat,Metalic_Iron,Pleasant
anterior,11.7510847148879,9.09517734670099,30.0685828218624,32.3913932066338,0.828600197825955,95.3893117599734
