Electrode_location,Pain,Itching,Tingling_Electrial,Warmth_Heat,Metalic_Iron,Pleasant
posterior,6.27107744950115,69.0389342654584,14.4980479181562,2.39644256980647,1.15345045110537,85.0576708952471
