Electrode_location,Pain,Itching,Tingling_Electrial,Warmth_Heat,Metalic_Iron,Pleasant
posterior,0.996347896504926,10.3272538901943,0.851466945155558,1.50743575877497,0.622755687206318,94.1275917025117
