Electrode_location,Pain,Itching,Tingling_Electrial,Warmth_Heat,Metalic_Iron,Pleasant
anterior,4.77406289459691,17.9137279784067,18.5154203704489,3.33744279834279,1.34072029090431,91.5241400671976
