Electrode_location,Pain,Itching,Tingling_Electrial,Warmth_Heat,Metalic_Iron,Pleasant
total,0.842524260740415,26.565051177078,11.5826493995975,1.2912845575389,1.33844292102374,92.7865335694932
