Electrode_location,Pain,Itching,Tingling_Electrial,Warmth_Heat,Metalic_Iron,Pleasant
total,0.522042769903145,10.5973351450236,18.5900114470851,1.05602380599754,0,93.7224309912769
