Electrode_location,Pain,Itching,Tingling_Electrial,Warmth_Heat,Metalic_Iron,Pleasant
anterior,5.26079464583047,2.90017020768869,5.25926755924922,13.4218350678862,0.66006042406149,94.9472121616853
