Electrode_location,Pain,Itching,Tingling_Electrial,Warmth_Heat,Metalic_Iron,Pleasant
total,27.6301142089774,28.1219102700631,29.4247113006855,26.9521789312289,8.9660882399946,82.6069536162652
