Electrode_location,Pain,Itching,Tingling_Electrial,Warmth_Heat,Metalic_Iron,Pleasant
total,10.837656918322,17.1494247855377,25.3145103214761,4.44883288333707,0,92.3749615157614
