Electrode_location,Pain,Itching,Tingling_Electrial,Warmth_Heat,Metalic_Iron,Pleasant
total,4.51398845800126,52.1250163489018,49.0856167799749,0,0.356608130725092,91.4814571708871
