Electrode_location,Pain,Itching,Tingling_Electrial,Warmth_Heat,Metalic_Iron,Pleasant
overall,0.710241877060624,1.57100941314384,13.2616207414539,0.728296953076422,0.72217746154481,113.735875339448
