Electrode_location,Pain,Itching,Tingling_Electrial,Warmth_Heat,Metalic_Iron,Pleasant
posterior,11.2852253692502,3.66294329276671,0.2459031232707,13.4039983115077,0.584630520705178,87.901739703968
