Electrode_location,Pain,Itching,Tingling_Electrial,Warmth_Heat,Metalic_Iron,Pleasant
total,1.10881212775993,0.968969422410402,5.53139507861753,0.977231958098429,1.14069443361377,121.900156917734
