Electrode_location,Pain,Itching,Tingling_Electrial,Warmth_Heat,Metalic_Iron,Pleasant
posterior,2.04085686993326,10.9185071066525,41.3057154563846,8.86119462500424,0,90.747293876826
