Electrode_location,Pain,Itching,Tingling_Electrial,Warmth_Heat,Metalic_Iron,Pleasant
total,5.86250381869448,45.3744768867228,77.5803009987833,3.93672866329885,1.05656467919461,84.3372829988514
