Experiment_time,Headache,Neck_pain,Back_pain,Blurred_vision,Scalp_irritation,Tingling,Itching,Increased_heart_rate,Burning_sensation,Hot_flush,Dizziness,Acute_mood_change,Fatigue,Anxiety,Others
pre,0.228268830153421,0,0,0.248570152059589,0.502581666721031,0.259843023611941,1.06971389928406,0,2.31631935595977,0,0.116929999936639,0.480456490928155,0.630985277485073,0,0.129044330254697
