Electrode_location,Pain,Itching,Tingling_Electrial,Warmth_Heat,Metalic_Iron,Pleasant
posterior,25.8355654902207,55.5929190300728,52.8119317102682,53.5539191605803,1.2912845575389,65.6616789116846
