Electrode_location,Pain,Itching,Tingling_Electrial,Warmth_Heat,Metalic_Iron,Pleasant
total,47.1916142435325,80.2302999494688,93.126494524832,2.6527336253271,0.913522712025433,50.246171018455
