Experiment_time,Headache,Neck_pain,Back_pain,Blurred_vision,Scalp_irritation,Tingling,Itching,Increased_heart_rate,Burning_sensation,Hot_flush,Dizziness,Acute_mood_change,Fatigue,Anxiety,Others
pre,7.22072190495684,8.54907682041869,24.0901531561608,4.47711212030196,2.47929956142266,0.525634606457613,1.16675884764317,10.932282145887,10.7908146759414,9.54913392873593,0.964890324120116,14.4276431250216,28.1496737132368,11.0441840108991,0.370441688510391
