Electrode_location,Pain,Itching,Tingling_Electrial,Warmth_Heat,Metalic_Iron,Pleasant
posterior,4.33413116617278,28.3249823098112,27.6096761146725,11.0067830303061,0.127323744887381,77.4575601760657
