Electrode_location,Pain,Itching,Tingling_Electrial,Warmth_Heat,Metalic_Iron,Pleasant
posterior,5.92684793596731,10.4028250955896,21.2179695767786,8.81195463137258,0,83.7175079118386
