Electrode_location,Pain,Itching,Tingling_Electrial,Warmth_Heat,Metalic_Iron,Pleasant
posterior,1.09237189470278,0.846078699739117,5.60398544253642,1.05225314191304,0.943055232471009,110.003281091317
