Experiment_time,Headache,Neck_pain,Back_pain,Blurred_vision,Scalp_irritation,Tingling,Itching,Increased_heart_rate,Burning_sensation,Hot_flush,Dizziness,Acute_mood_change,Fatigue,Anxiety,Others
pre,0.622755687206318,0.370441688510391,0.39064698879561,0.512700225848555,0,0.355134581228088,1.14069443361377,0.352946949384109,2.69579231163585,0.355134581228088,0.257507387578888,0.499296986072246,5.3022852989741,5.44033203100551,0.369645061847024
