Electrode_location,Pain,Itching,Tingling_Electrial,Warmth_Heat,Metalic_Iron,Pleasant
total,4.73343833057548,11.163271242683,10.4868455533236,11.6336339989404,0.235299619740889,80.4938569366463
