Experiment_time,Headache,Neck_pain,Back_pain,Blurred_vision,Scalp_irritation,Tingling,Itching,Increased_heart_rate,Burning_sensation,Hot_flush,Dizziness,Acute_mood_change,Fatigue,Anxiety,Others
pre,0.481465805838352,0.24124396179649,1.71713221372374,0.784824602991888,0,0.505909849704145,0,1.22670288381611,0.272834983068092,1.56935480474899,0.266490076058405,0.643745714175381,10.6272916588252,2.10278811177153,0.234337259862197
