Electrode_location,Pain,Itching,Tingling_Electrial,Warmth_Heat,Metalic_Iron,Pleasant
total,10.7023928063899,5.5721978039638,48.6561017173739,37.0198862548315,1.41152002782616,94.9408559858946
