Experiment_time,Headache,Neck_pain,Back_pain,Blurred_vision,Scalp_irritation,Tingling,Itching,Increased_heart_rate,Burning_sensation,Hot_flush,Dizziness,Acute_mood_change,Fatigue,Anxiety,Others
post,1.13567066697945,1.00508600525418,0.740852409389339,16.832687476651,6.87302993834147,10.4441954753558,15.8928309803374,0.63801126195882,2.00955381302114,0.873724111967173,5.24065381058436,9.84372339069437,6.73893203415691,4.3303915640672,2.11190259386599
