Electrode_location,Pain,Itching,Tingling_Electrial,Warmth_Heat,Metalic_Iron,Pleasant
posterior,3.30440189591593,12.0141471543319,23.3177083867551,13.8150253412616,0.405387901572909,93.4078394088934
