Electrode_location,Pain,Itching,Tingling_Electrial,Warmth_Heat,Metalic_Iron,Pleasant
posterior,0.60564107330689,3.51375026060497,0.954841253872189,0.739259355407848,0.729843064024103,94.0856167799749
