Experiment_time,Headache,Neck_pain,Back_pain,Blurred_vision,Scalp_irritation,Tingling,Itching,Increased_heart_rate,Burning_sensation,Hot_flush,Dizziness,Acute_mood_change,Fatigue,Anxiety,Others
pre,0.891195803492497,1.00288714201264,4.28287846524613,31.1028236849846,3.42270387304532,0.772480555397595,1.2912845575389,0.973083152775334,0.860601489833936,0.838999559596752,1.06749968374021,6.62652509189945,21.4129694748718,26.053495310491,0.981416288846395
