Experiment_time,Headache,Neck_pain,Back_pain,Blurred_vision,Scalp_irritation,Tingling,Itching,Increased_heart_rate,Burning_sensation,Hot_flush,Dizziness,Acute_mood_change,Fatigue,Anxiety,Others
post,2.60848241114924,3.84706980876744,16.4954734923494,12.9238438516287,6.42691586663228,12.6738600056231,3.29214711299601,10.8346788433781,5.54775030232172,5.04614233185831,7.33566164805718,14.2952056797456,22.8851212914164,10.6782773603296,0.351503439873352
