Electrode_location,Pain,Itching,Tingling_Electrial,Warmth_Heat,Metalic_Iron,Pleasant
posterior,8.58362148011395,2.85620639680421,10.4478175494739,10.7959730135066,0.116691853956479,109.570533261203
