Electrode_location,Pain,Itching,Tingling_Electrial,Warmth_Heat,Metalic_Iron,Pleasant
total,18.1566231450126,40.8064099245258,16.3108864991738,2.25556063194524,0.24124396179649,86.6636632977867
