Electrode_location,Pain,Itching,Tingling_Electrial,Warmth_Heat,Metalic_Iron,Pleasant
posterior,11.4109831267654,50.8189709013946,49.0282636664851,2.3809893625083,0.849663254506303,81.888338514056
