Electrode_location,Pain,Itching,Tingling_Electrial,Warmth_Heat,Metalic_Iron,Pleasant
posterior,2.41102974661123,91.2508008147654,10.1818223410914,0.832037890571729,0.489695593129224,94.0608384423904
