Electrode_location,Pain,Itching,Tingling_Electrial,Warmth_Heat,Metalic_Iron,Pleasant
overall,43.2752916261776,0,12.759837826047,15.4725131132898,6.85875847113364,63.3745102593547
