Experiment_time,Headache,Neck_pain,Back_pain,Blurred_vision,Scalp_irritation,Tingling,Itching,Increased_heart_rate,Burning_sensation,Hot_flush,Dizziness,Acute_mood_change,Fatigue,Anxiety,Others
pre,0.239229421953588,0.714671202044223,1.59747619724562,0.977231958098429,0,0,4.08561677997488,0.574086794657846,29.0911680886975,0.608212604826163,1.62992788538417,2.79838111880565,0.447614170860553,0,0.956834289196036
