Experiment_time,Headache,Neck_pain,Back_pain,Blurred_vision,Scalp_irritation,Tingling,Itching,Increased_heart_rate,Burning_sensation,Hot_flush,Dizziness,Acute_mood_change,Fatigue,Anxiety,Others
post,10.571822439476,10.4562505922309,17.2284622469104,15.1143431152987,28.739795291688,9.98584363531295,31.1028236849846,27.1587685732906,18.8993849104077,4.73093862377924,24.332310768339,45.3708412908281,3.42387124493068,5.05724853255913,18.2203588917926
