Electrode_location,Pain,Itching,Tingling_Electrial,Warmth_Heat,Metalic_Iron,Pleasant
total,18.7803311200746,53.8778446012513,9.52384234849923,58.2985703304943,0,77.4159275098073
