Electrode_location,Pain,Itching,Tingling_Electrial,Warmth_Heat,Metalic_Iron,Pleasant
total,0.973083152775334,22.708894920519,29.4274564031897,1.37884442257364,0.360346063387231,88.9815156522869
