Experiment_time,Headache,Neck_pain,Back_pain,Blurred_vision,Scalp_irritation,Tingling,Itching,Increased_heart_rate,Burning_sensation,Hot_flush,Dizziness,Acute_mood_change,Fatigue,Anxiety,Others
post,28.2480296034241,28.2664057824041,7.7708858726055,0,28.485836089767,5.92340147761441,41.1859251657097,7.90028404526738,0.262822833236522,0.121905729904728,0.120622515506954,2.85003433576893,10.4178557492667,2.38072916014627,0.25129566720895
