Experiment_time,Headache,Neck_pain,Back_pain,Blurred_vision,Scalp_irritation,Tingling,Itching,Increased_heart_rate,Burning_sensation,Hot_flush,Dizziness,Acute_mood_change,Fatigue,Anxiety,Others
post,0,0,0.456530414099049,0.387127754150951,0.137070981354657,0.396962097597432,0.546959799818212,0.24696303742625,1.17875916991123,0,0.263427015153079,0,0.136743844218074,0,0.51732932278607
