Electrode_location,Pain,Itching,Tingling_Electrial,Warmth_Heat,Metalic_Iron,Pleasant
anterior,19.1384087202847,79.6843572661435,9.76455787988841,52.8860612290895,0,102.006201074092
