Experiment_time,Headache,Neck_pain,Back_pain,Blurred_vision,Scalp_irritation,Tingling,Itching,Increased_heart_rate,Burning_sensation,Hot_flush,Dizziness,Acute_mood_change,Fatigue,Anxiety,Others
post,0.505909849704145,0.700117244300182,0.367275607338095,0.598055309575826,11.506993707351,1.52076966114377,18.4745450706011,0,4.89909245378777,1.08092418666069,1.19848165011849,1.94148639091438,0.996347896504926,0.620059986085577,1.29926915520399
