Electrode_location,Pain,Itching,Tingling_Electrial,Warmth_Heat,Metalic_Iron,Pleasant
total,1.72872410900276,1.07193731832986,4.83380793566902,5.30598596986704,0.960845422445266,110.527368655655
