Electrode_location,Pain,Itching,Tingling_Electrial,Warmth_Heat,Metalic_Iron,Pleasant
total,47.4501473026874,25.6231357961867,62.5118338683096,72.1557083917247,0.657032889994744,74.3246263922255
