Experiment_time,Headache,Neck_pain,Back_pain,Blurred_vision,Scalp_irritation,Tingling,Itching,Increased_heart_rate,Burning_sensation,Hot_flush,Dizziness,Acute_mood_change,Fatigue,Anxiety,Others
after,1.21628816783215,6.48859112554551,0.849663254506303,0.983521919139102,27.1841366850685,3.39598695791119,63.8689994550614,0.379436701418979,59.7524034133969,0.632378067975035,0.844297739537418,0.818455461688614,46.581383646425,1.20859243202686,0.497130947578347
