Electrode_location,Pain,Itching,Tingling_Electrial,Warmth_Heat,Metalic_Iron,Pleasant
total,0.556252227080672,82.4737592606188,73.697220826636,0.481465805838352,0.250198320197553,88.1797721622198
