Experiment_time,Headache,Neck_pain,Back_pain,Blurred_vision,Scalp_irritation,Tingling,Itching,Increased_heart_rate,Burning_sensation,Hot_flush,Dizziness,Acute_mood_change,Fatigue,Anxiety,Others
post,0,9.21102654081667,0,0.118870741299955,17.3845092194518,9.54676692140384,9.78240703180729,0.258669933386774,0,0.240737152721803,12.0591806894619,0,14.8737507049289,5.76035064085128,0.675626460461919
