Electrode_location,Pain,Itching,Tingling_Electrial,Warmth_Heat,Metalic_Iron,Pleasant
anterior,5.98295650281605,19.2306723756613,28.1390239402157,2.88747173638523,2.66863456934427,107.665924140344
