Electrode_location,Pain,Itching,Tingling_Electrial,Warmth_Heat,Metalic_Iron,Pleasant
total,21.9824382031186,73.53998518796,8.26835457001234,8.29989507924789,0,95.5599472633095
