Electrode_location,Pain,Itching,Tingling_Electrial,Warmth_Heat,Metalic_Iron,Pleasant
total,32.7842808658691,48.9866148404099,60.0183606311507,61.2639148539723,0.742452343660562,75.2824334319419
