Electrode_location,Pain,Itching,Tingling_Electrial,Warmth_Heat,Metalic_Iron,Pleasant
total,1.15345045110537,6.20344790169184,18.8328297847566,1.23729746850462,0.805309328437655,93.8228369965577
