Electrode_location,Pain,Itching,Tingling_Electrial,Warmth_Heat,Metalic_Iron,Pleasant
anterior,6.52342485646517,85.3579621864925,79.7174649707266,0.260433567813371,0.257507387578888,89.5028690524217
