Electrode_location,Pain,Itching,Tingling_Electrial,Warmth_Heat,Metalic_Iron,Pleasant
anterior,0.124827208848866,31.0922221901453,64.8335506298326,30.0332804359951,0.113907960293113,91.1508764781734
