Electrode_location,Pain,Itching,Tingling_Electrial,Warmth_Heat,Metalic_Iron,Pleasant
posterior,1.68850225482095,33.2682657264833,40.7669288148079,28.4476012535744,0,88.1650648564695
