Electrode_location,Pain,Itching,Tingling_Electrial,Warmth_Heat,Metalic_Iron,Pleasant
anterior,2.02837771595845,64.7531234031969,53.2857970239537,0.126760367327671,0.360346063387231,89.746480506228
