Electrode_location,Pain,Itching,Tingling_Electrial,Warmth_Heat,Metalic_Iron,Pleasant
anterior,0.943055232471009,1.6568539475225,3.21409792649186,1.08776384038409,1.16913932790742,111.237400342789
