Experiment_time,Headache,Neck_pain,Back_pain,Blurred_vision,Scalp_irritation,Tingling,Itching,Increased_heart_rate,Burning_sensation,Hot_flush,Dizziness,Acute_mood_change,Fatigue,Anxiety,Others
pre,0.645195469482707,0.614737992991831,0.973083152775334,0.467710260038513,1.19100887244176,0.61872086787684,0.855097396266723,1.49758773901752,0.505909849704145,0.355869830621878,0.994187055506796,0.617387521057729,3.15293700777531,1.09701915219069,1.23463170540412
