Electrode_location,Pain,Itching,Tingling_Electrial,Warmth_Heat,Metalic_Iron,Pleasant
total,1.53223778287944,1.2679088384907,1.2860157819288,19.2900462191887,1.17152954022563,111.63890163339
