Electrode_location,Pain,Itching,Tingling_Electrial,Warmth_Heat,Metalic_Iron,Pleasant
anterior,0.860601489833936,20.8826825592229,39.1186434762325,3.60735116964678,1.35513129102215,93.9093511749888
