Experiment_time,Headache,Neck_pain,Back_pain,Blurred_vision,Scalp_irritation,Tingling,Itching,Increased_heart_rate,Burning_sensation,Hot_flush,Dizziness,Acute_mood_change,Fatigue,Anxiety,Others
pre,0,1.70006057502815,0.694460287549775,0.505909849704145,0.74405920288871,0.622755687206318,0.609506576675196,1.22147332969774,0.116218460312551,3.51147431552233,0.399731511048719,0.373662829642149,9.03107179644063,4.19766835716093,1.06529461467817
