Experiment_time,Headache,Neck_pain,Back_pain,Blurred_vision,Scalp_irritation,Tingling,Itching,Increased_heart_rate,Burning_sensation,Hot_flush,Dizziness,Acute_mood_change,Fatigue,Anxiety,Others
pre,0.823496589591237,1.35513129102215,0.983521919139102,1.24807662141095,1.17152954022563,0.704420811380084,1.31553824151692,0.994187055506796,1.32382650764621,0.246431940676918,1.68822897141275,1.13567066697945,5.92236302146646,4.48710953919055,1.21114683544168
