Electrode_location,Pain,Itching,Tingling_Electrial,Warmth_Heat,Metalic_Iron,Pleasant
anterior,28.1416012322617,52.2920589645827,20.3413404126924,60.3955492539951,0,75.7143749534052
