Electrode_location,Pain,Itching,Tingling_Electrial,Warmth_Heat,Metalic_Iron,Pleasant
posterior,0.507029060914776,24.4655351106627,17.3918636081166,2.11648951562989,1.00508600525418,98.0767377814034
