Electrode_location,Pain,Itching,Tingling_Electrial,Warmth_Heat,Metalic_Iron,Pleasant
total,30.8329444773688,26.2814110213202,45.0896646834737,0.98776039963981,1.11360060943307,70.2955464003266
