Experiment_time,Headache,Neck_pain,Back_pain,Blurred_vision,Scalp_irritation,Tingling,Itching,Increased_heart_rate,Burning_sensation,Hot_flush,Dizziness,Acute_mood_change,Fatigue,Anxiety,Others
pre,0.907323371703415,0.122165656047207,0.120622515506954,0.498211612613642,0,0,0,0,18.8247100182401,0.120116762209944,0.2459031232707,0.229641173196641,0.240737152721803,0,0.122688847839079
