Electrode_location,Pain,Itching,Tingling_Electrial,Warmth_Heat,Metalic_Iron,Pleasant
anterior,25.6456391559718,62.7515325733552,43.6980473274211,22.669826375483,1.29900141166086,103.819097535961
