Electrode_location,Pain,Itching,Tingling_Electrial,Warmth_Heat,Metalic_Iron,Pleasant
anterior,24.4125138948694,40.9464457681686,46.9444802136472,1.64017986997851,0.371241756181497,89.7567072817352
