Experiment_time,Headache,Neck_pain,Back_pain,Blurred_vision,Scalp_irritation,Tingling,Itching,Increased_heart_rate,Burning_sensation,Hot_flush,Dizziness,Acute_mood_change,Fatigue,Anxiety,Others
pre,5.7235150541757,1.17875916991123,0.941119122733441,1.31828944337022,0.956834289196036,1.090062998213,0.956834289196036,1.19598032822849,0.826891981272059,0.950879985936501,1.54494731182869,0.825190792954863,19.2091689878501,1.20604877921996,1.32941027315728
