Electrode_location,Pain,Itching,Tingling_Electrial,Warmth_Heat,Metalic_Iron,Pleasant
posterior,0.261622745694794,13.445906543628,5.01738573381652,4.50415170986973,0.250745793127765,93.7261856862899
