Electrode_location,Pain,Itching,Tingling_Electrial,Warmth_Heat,Metalic_Iron,Pleasant
total,2.61386203067656,8.44510346604464,9.31805256451281,6.89644397299058,0.956834289196036,86.7627377184283
