Electrode_location,Pain,Itching,Tingling_Electrial,Warmth_Heat,Metalic_Iron,Pleasant
anterior,8.23402445212883,2.72043148858949,21.0375110254218,22.5641116933252,0,85.3381269047612
