Electrode_location,Pain,Itching,Tingling_Electrial,Warmth_Heat,Metalic_Iron,Pleasant
anterior,17.9528077813288,44.9127918793493,30.7139548748123,22.3731571224467,0,94.066318774806
