Electrode_location,Pain,Itching,Tingling_Electrial,Warmth_Heat,Metalic_Iron,Pleasant
total,1.06091169026423,9.52225500992522,10.1847525945916,0.72675737854175,0.823496589591237,93.7429882956871
