Experiment_time,Headache,Neck_pain,Back_pain,Blurred_vision,Scalp_irritation,Tingling,Itching,Increased_heart_rate,Burning_sensation,Hot_flush,Dizziness,Acute_mood_change,Fatigue,Anxiety,Others
pre,1.48786752882778,0.617387521057729,1.78991060824607,0.122952127821032,0,0.76220487281565,0.855097396266723,2.00078561666858,3.89764504852887,2.63099683019671,0.249653232724915,0.375294498485732,4.81620661131167,0.98776039963981,0.368851854040212
