Electrode_location,Pain,Itching,Tingling_Electrial,Warmth_Heat,Metalic_Iron,Pleasant
posterior,12.5424398239343,53.0583631017705,4.9697407281103,23.2167854255526,0.235299619740889,96.3799896877704
