Electrode_location,Pain,Itching,Tingling_Electrial,Warmth_Heat,Metalic_Iron,Pleasant
anterior,7.39492380830672,32.9371625740105,121.769491578598,4.73264866480224,0.633777020502411,82.7007365867875
