Electrode_location,Pain,Itching,Tingling_Electrial,Warmth_Heat,Metalic_Iron,Pleasant
Overal,1.18254310334088,22.9499844103256,4.87775589338637,7.1407916181929,8.78311535611777,93.8785245028477
