Electrode_location,Pain,Itching,Tingling_Electrial,Warmth_Heat,Metalic_Iron,Pleasant
posterior,35.5529852400508,54.1741012315273,67.1902888961225,3.45217439992913,0,85.5307953913244
