Electrode_location,Pain,Itching,Tingling_Electrial,Warmth_Heat,Metalic_Iron,Pleasant
posterior,0.118870741299955,8.04015614937497,11.4800933893482,0.400663255792154,1.49109355171298,94.2013851616045
