Electrode_location,Pain,Itching,Tingling_Electrial,Warmth_Heat,Metalic_Iron,Pleasant
anterior,3.68729576804638,17.324089539971,153.199165053045,13.0739188582504,1.42320484663312,74.4190761517484
