Electrode_location,Pain,Itching,Tingling_Electrial,Warmth_Heat,Metalic_Iron,Pleasant
anterior,17.9100550271431,27.6237849002808,44.0137850857404,10.1755108430432,0.127323744887381,87.5359231899338
