Electrode_location,Pain,Itching,Tingling_Electrial,Warmth_Heat,Metalic_Iron,Pleasant
posterior,7.98252823229365,7.37672600694528,148.766791168534,16.4948910050622,1.51074727070707,70.2659547722735
