Electrode_location,Pain,Itching,Tingling_Electrial,Warmth_Heat,Metalic_Iron,Pleasant
total,12.0284206103593,28.673146489435,38.8533743403533,8.76628016183838,0,88.871782568188
