Electrode_location,Pain,Itching,Tingling_Electrial,Warmth_Heat,Metalic_Iron,Pleasant
posterior,20.6158217023429,3.73698383347681,46.1052477012764,37.7501069765019,8.78649009648197,80.1664360357929
