Electrode_location,Pain,Itching,Tingling_Electrial,Warmth_Heat,Metalic_Iron,Pleasant
total,2.71457726900107,11.2361294497724,23.7957455156856,4.20898492417022,0,106.032339353936
