Electrode_location,Pain,Itching,Tingling_Electrial,Warmth_Heat,Metalic_Iron,Pleasant
posterior,0,1.83914082340838,58.9503428133774,20.5262811809553,0.266490076058405,117.225492005736
