Electrode_location,Pain,Itching,Tingling_Electrial,Warmth_Heat,Metalic_Iron,Pleasant
total,16.8845868466584,19.111795898757,31.6661983264899,25.8134846655958,23.2152511062327,86.2027521195616
