Experiment_time,Headache,Neck_pain,Back_pain,Blurred_vision,Scalp_irritation,Tingling,Itching,Increased_heart_rate,Burning_sensation,Hot_flush,Dizziness,Acute_mood_change,Fatigue,Anxiety,Others
pre,23.7082382382466,1.88948479010791,0.591877494064481,1.71346531736582,0.595568772605845,0.60692411529218,1.53223778287944,1.83577474054569,1.85558573636528,1.07416999837262,0.505909849704145,1.32382650764621,29.9856816843155,5.87191935913425,1.45328097384955
