Electrode_location,Pain,Itching,Tingling_Electrial,Warmth_Heat,Metalic_Iron,Pleasant
overall,0.833767455136415,119.882832345413,0.964890324120116,0.747293876826055,1.16438804012388,94.3700048500427
