Experiment_time,Headache,Neck_pain,Back_pain,Blurred_vision,Scalp_irritation,Tingling,Itching,Increased_heart_rate,Burning_sensation,Hot_flush,Dizziness,Acute_mood_change,Fatigue,Anxiety,Others
pre,0.61605990839923,0.480456490928155,1.15345045110537,1.26030384650359,0.247496428287292,1.07866337383335,0.835504224690992,1.07866337383335,0.672454797211386,0.8775472532174,0.851466945155558,0.60692411529218,1.17392954439263,0.740852409389339,0.61872086787684
