Electrode_location,Pain,Itching,Tingling_Electrial,Warmth_Heat,Metalic_Iron,Pleasant
posterior,1.23197740263973,10.5884866245238,13.4381881583507,9.58955170914825,0.498211612613642,92.450351436904
