Electrode_location,Pain,Itching,Tingling_Electrial,Warmth_Heat,Metalic_Iron,Pleasant
posterior,0.11986547264641,4.19090752732528,8.51842270201475,5.37970159912541,0,94.0248393430662
