Electrode_location,Pain,Itching,Tingling_Electrial,Warmth_Heat,Metalic_Iron,Pleasant
posterior,0.835504224690992,1.14069443361377,3.90049374238189,0.129044330254697,0.234817453793639,94.4925814799153
