Experiment_time,Headache,Neck_pain,Back_pain,Blurred_vision,Scalp_irritation,Tingling,Itching,Increased_heart_rate,Burning_sensation,Hot_flush,Dizziness,Acute_mood_change,Fatigue,Anxiety,Others
pre,0.594333241471526,0.889220077225705,0.99203556598862,0.511555866587041,0.723697673616298,1.35805074004313,1.01174082494392,0.739259355407848,1.13069095123797,1.15267705127667,0.76902468257804,0.917702880619016,0.928322593592881,0.74405920288871,0.590657214646671
