Experiment_time,Headache,Neck_pain,Back_pain,Blurred_vision,Scalp_irritation,Tingling,Itching,Increased_heart_rate,Burning_sensation,Hot_flush,Dizziness,Acute_mood_change,Fatigue,Anxiety,Others
post,9.86580694308437,16.0352292853122,10.2701497958698,1.53539552533602,27.8116468696438,37.6620724834961,52.4773303066608,30.7472202254611,10.1656948795427,5.80672690553158,5.5157517053141,27.6055652488682,29.0675406036017,45.4598278442228,1.8476102659946
