Electrode_location,Pain,Itching,Tingling_Electrial,Warmth_Heat,Metalic_Iron,Pleasant
anterior,0.488651516749197,1.73946736422429,16.9742427334974,2.78039194434971,0.60564107330689,94.1139576413963
