Electrode_location,Pain,Itching,Tingling_Electrial,Warmth_Heat,Metalic_Iron,Pleasant
overall,0.866176894551934,72.018570303036,0.582254137823022,0,0.710241877060624,94.4435026715225
