Experiment_time,Headache,Neck_pain,Back_pain,Blurred_vision,Scalp_irritation,Tingling,Itching,Increased_heart_rate,Burning_sensation,Hot_flush,Dizziness,Acute_mood_change,Fatigue,Anxiety,Others
pre,1.6223225874978,11.3356141305312,23.7135948863409,0.820128966361827,0,0,0.58582600090433,3.29943066468241,13.4542521807035,3.00620707702575,3.28088077260941,5.13490703062947,20.0641799378924,19.7340452277265,0
