Experiment_time,Headache,Neck_pain,Back_pain,Blurred_vision,Scalp_irritation,Tingling,Itching,Increased_heart_rate,Burning_sensation,Hot_flush,Dizziness,Acute_mood_change,Fatigue,Anxiety,Others
pre,0,0,3.67992988566158,0,0.118870741299955,8.69976141465497,10.9456590383672,0.480456490928155,10.6871767868139,0,0.118624632808747,0.118624632808747,36.8197701175025,16.7490558098059,0
