Electrode_location,Pain,Itching,Tingling_Electrial,Warmth_Heat,Metalic_Iron,Pleasant
anterior,43.3021822803457,22.8645081218997,7.36474624498265,34.1942285634282,0,87.5104470780009
