Experiment_time,Headache,Neck_pain,Back_pain,Blurred_vision,Scalp_irritation,Tingling,Itching,Increased_heart_rate,Burning_sensation,Hot_flush,Dizziness,Acute_mood_change,Fatigue,Anxiety,Others
pre,0.578725565607762,4.53971191079367,0.717654903971167,0.458356458000432,0.376115688264427,13.100630728906,2.32980673877315,0.38027613852262,23.6367261696973,10.3508856549305,0,0.628218020484627,16.3168668830112,4.98051364882816,0.504795568555829
