Electrode_location,Pain,Itching,Tingling_Electrial,Warmth_Heat,Metalic_Iron,Pleasant
total,2.33981629944615,58.5059385492588,46.0447920138065,0.505909849704145,0.518499687290673,91.8717449652888
