Electrode_location,Pain,Itching,Tingling_Electrial,Warmth_Heat,Metalic_Iron,Pleasant
anterior,1.08319449531398,4.40759255509691,5.33698270615183,5.61360502952309,0.941119122733441,114.880366859182
