Exp_Reduce_Concentrate,Exp_Increase_Concentrate,Exp_Reduce_Alertness,Exp_Increase_Alertness,Exp_Reduce_Pain_Heat,Exp_Increase_Pain_Heat,Exp_Worsen_Mood,Exp_Improve_Mood,Exp_Induce_Side_effects,Exp_Painful,Exp_Itchy,Exp_Tingle_Electrical_sensations,Exp_Warm_Hot,Exp_Metallic_Iron,Exp_Pleasant,Feeling_Anxious_overall,Feeling_Excited,Feeling_Calm,Feeling_Engaged,Feeling_Curious
1.12086137531032,1.2912845575389,1.42885014827706,1.40028463920565,8.96579999995037,0.642302459194123,1.30789560166378,1.12330271407543,0.781257661608643,0.93263961220697,1.29606349801712,1.05873372320278,1.69536320311926,0.913522712025433,93.8944084809197,2.10278811177153,1.98347669450931,62.2717425776809,33.2748879848349,40.6591399353088
