Electrode_location,Pain,Itching,Tingling_Electrial,Warmth_Heat,Metalic_Iron,Pleasant
total,0.879471397010803,16.2201936956028,31.8689324550632,5.25094475004188,0.772480555397595,93.8828985603637
