Experiment_time,Headache,Neck_pain,Back_pain,Blurred_vision,Scalp_irritation,Tingling,Itching,Increased_heart_rate,Burning_sensation,Hot_flush,Dizziness,Acute_mood_change,Fatigue,Anxiety,Others
pre,0.732955062365157,0.763898460929995,0.883345107788939,0.8643104174951,1.36392753160292,1.49758773901752,4.70205542331622,1.10881212775993,1.12821743181197,1.26181753888613,1.12821743181197,1.12086137531032,1.00508600525418,1.36392753160292,0.860601489833936
