Electrode_location,Pain,Itching,Tingling_Electrial,Warmth_Heat,Metalic_Iron,Pleasant
anterior,4.18192683209076,27.9371428265386,20.4396792368783,31.2249816803254,0.998518150079126,93.5307952831059
