Electrode_location,Pain,Itching,Tingling_Electrial,Warmth_Heat,Metalic_Iron,Pleasant
total,6.44160009933503,4.54943379258548,11.881831424682,3.2227108249776,0.966925571644301,110.667237332999
