Electrode_location,Pain,Itching,Tingling_Electrial,Warmth_Heat,Metalic_Iron,Pleasant
anterior,0.505909849704145,0.621404913235918,0.603091194380532,0.823496589591237,0.77948632111848,94.5494337925855
