Experiment_time,Headache,Neck_pain,Back_pain,Blurred_vision,Scalp_irritation,Tingling,Itching,Increased_heart_rate,Burning_sensation,Hot_flush,Dizziness,Acute_mood_change,Fatigue,Anxiety,Others
post,17.0457371647255,0.123216540184779,2.31988240700911,0.256355244656284,45.3515034398734,43.6510551142729,63.3221620010597,0.129044330254697,10.2262206689556,0.129044330254697,0.384529659584506,1.11843062399252,62.1883531303562,0.37776889622899,0.230565272589128
