Electrode_location,Pain,Itching,Tingling_Electrial,Warmth_Heat,Metalic_Iron,Pleasant
anterior,1.86363033534172,10.5447588750068,6.13324906459932,11.1648801775486,0,93.538304525602
