Experiment_time,Headache,Neck_pain,Back_pain,Blurred_vision,Scalp_irritation,Tingling,Itching,Increased_heart_rate,Burning_sensation,Hot_flush,Dizziness,Acute_mood_change,Fatigue,Anxiety,Others
pre,6.20914698950445,12.9575800940931,34.8976112734522,4.25602672548366,4.98723384160495,4.94085598589456,2.31784964290302,14.4282267217857,4.23639479905884,3.854102618412,10.4782396357062,8.86913468949301,23.4328909168499,6.51980175165699,0.487611882924917
