Electrode_location,Pain,Itching,Tingling_Electrial,Warmth_Heat,Metalic_Iron,Pleasant
posterior,1.46255321909785,1.36985539661856,6.56152381330435,0.786620314888786,0.540510187130666,87.2970559621853
