Experiment_time,Headache,Neck_pain,Back_pain,Blurred_vision,Scalp_irritation,Tingling,Itching,Increased_heart_rate,Burning_sensation,Hot_flush,Dizziness,Acute_mood_change,Fatigue,Anxiety,Others
pre,1.20859243202686,1.33504133313623,2.16561525290286,1.57766287549771,2.15868588086205,0.820128966361827,1.53434149970077,1.08547435973825,10.304846468766,8.34572007548016,1.31553824151692,1.28864478516243,1.26030384650359,0.93919094573558,0.832037890571729
