Electrode_location,Pain,Itching,Tingling_Electrial,Warmth_Heat,Metalic_Iron,Pleasant
total,5.36773684715615,36.5097133860346,63.7185889786798,15.8252071480567,0.8643104174951,97.2802890839937
