Electrode_location,Pain,Itching,Tingling_Electrial,Warmth_Heat,Metalic_Iron,Pleasant
total,0.958835661249507,44.2222770057364,46.7192623339235,6.38075990966139,0.818455461688614,79.2802177745991
