Electrode_location,Pain,Itching,Tingling_Electrial,Warmth_Heat,Metalic_Iron,Pleasant
posterior,0.885294786981772,1.36392753160292,1.23197740263973,0.825190792954863,1.24266367384458,90.1290443302547
