Experiment_time,Headache,Neck_pain,Back_pain,Blurred_vision,Scalp_irritation,Tingling,Itching,Increased_heart_rate,Burning_sensation,Hot_flush,Dizziness,Acute_mood_change,Fatigue,Anxiety,Others
pre,0.249110515152914,13.6111113536069,43.0585136090856,10.8955036834127,2.13037055966124,2.08034227284471,0,11.8482662384144,2.4614253938154,12.0602778998815,22.1057977684452,29.3502175991923,49.2845136187706,0,3.94956563585569
