Experiment_time,Headache,Neck_pain,Back_pain,Blurred_vision,Scalp_irritation,Tingling,Itching,Increased_heart_rate,Burning_sensation,Hot_flush,Dizziness,Acute_mood_change,Fatigue,Anxiety,Others
pre,0.981416288846395,0.49605496039525,0.494983620757318,0.950879985936501,0.60692411529218,0.770748745391984,1.43508469759366,1.56770367713026,1.34932988108741,0.946951446773465,0.815128856791311,1.06971389928406,31.0955717431807,11.7579355205842,1.45635863433969
