Experiment_time,Headache,Neck_pain,Back_pain,Blurred_vision,Scalp_irritation,Tingling,Itching,Increased_heart_rate,Burning_sensation,Hot_flush,Dizziness,Acute_mood_change,Fatigue,Anxiety,Others
post,1.81638215653029,1.81638215653029,1.22408252217622,9.09517734670099,7.82274391032158,15.0684881594922,11.3099324740202,1.49109355171298,19.2251853253512,0.740852409389339,5.68549093559507,10.2039737217317,24.7929925014255,0.753848333070767,0.490744140601118
