Electrode_location,Pain,Itching,Tingling_Electrial,Warmth_Heat,Metalic_Iron,Pleasant
total,0,58.046668360166,27.5071373600315,0.410225301683534,0.265256343375986,95.5721978039638
