Electrode_location,Pain,Itching,Tingling_Electrial,Warmth_Heat,Metalic_Iron,Pleasant
total,1.74704205586961,9.25198622370906,7.37231248583221,11.509221338209,0,93.568918405648
