Electrode_location,Pain,Itching,Tingling_Electrial,Warmth_Heat,Metalic_Iron,Pleasant
total,5.65830405366989,11.3099324740202,11.9083000613176,21.284802030939,0.133245758655687,123.760715800302
