Experiment_time,Headache,Neck_pain,Back_pain,Blurred_vision,Scalp_irritation,Tingling,Itching,Increased_heart_rate,Burning_sensation,Hot_flush,Dizziness,Acute_mood_change,Fatigue,Anxiety,Others
post,11.6015115320128,10.0941604025504,4.9863337712355,1.37884442257364,8.2035113844722,15.1338463087026,2.38072916014627,1.29022735206046,0.909380449199141,1.23997476631269,10.2813934289326,16.6992442339936,8.09388505208141,9.44115642416645,2.15391453042549
