Electrode_location,Pain,Itching,Tingling_Electrial,Warmth_Heat,Metalic_Iron,Pleasant
total,0.74405920288871,0.115983200914775,25.5752835333285,0.767308315089695,0.379436701418979,94.2515778513083
