Electrode_location,Pain,Itching,Tingling_Electrial,Warmth_Heat,Metalic_Iron,Pleasant
posterior,5.81325063931769,2.67780664188443,18.8951459909007,8.91749477767737,1.16438804012388,94.9472121616853
