Experiment_time,Headache,Neck_pain,Back_pain,Blurred_vision,Scalp_irritation,Tingling,Itching,Increased_heart_rate,Burning_sensation,Hot_flush,Dizziness,Acute_mood_change,Fatigue,Anxiety,Others
post,1.23463170540412,1.10170611520637,1.11601039140727,4.36052090245939,11.506993707351,15.1770742958691,4.71220922741975,1.37583500366364,25.4192883389029,1.39101488660633,12.2859160809967,1.08547435973825,14.1587355945357,3.33026624025128,0.855097396266723
