Experiment_time,Headache,Neck_pain,Back_pain,Blurred_vision,Scalp_irritation,Tingling,Itching,Increased_heart_rate,Burning_sensation,Hot_flush,Dizziness,Acute_mood_change,Fatigue,Anxiety,Others
post,0.837248244347849,8.58124090094326,1.06529461467817,1.04797664600648,1.06971389928406,15.1107971455351,11.5346206536447,1.27560615330047,0.871825005212348,1.2860157819288,0.815128856791311,1.04797664600648,30.8990642981647,3.88673394929553,1.04585140535736
