Experiment_time,Headache,Neck_pain,Back_pain,Blurred_vision,Scalp_irritation,Tingling,Itching,Increased_heart_rate,Burning_sensation,Hot_flush,Dizziness,Acute_mood_change,Fatigue,Anxiety,Others
post,12.8311226206992,22.8151796150863,6.86706569452695,29.9647653362012,49.0730104480522,13.3527681457956,44.6385172283595,11.3608168118973,1.64328065449277,0.885294786981772,1.6568539475225,10.988651096494,40.783898864619,6.86254762392972,0.946951446773465
