Electrode_location,Pain,Itching,Tingling_Electrial,Warmth_Heat,Metalic_Iron,Pleasant
posterior,10.1818223410914,18.879720110802,40.0302592718897,0,0.127323744887381,93.9880241870465
