Electrode_location,Pain,Itching,Tingling_Electrial,Warmth_Heat,Metalic_Iron,Pleasant
total,18.7279122716532,30.0630195847197,45.2616227456948,10.7301885430802,0,125.954628425603
