Experiment_time,Headache,Neck_pain,Back_pain,Blurred_vision,Scalp_irritation,Tingling,Itching,Increased_heart_rate,Burning_sensation,Hot_flush,Dizziness,Acute_mood_change,Fatigue,Anxiety,Others
post,6.15038152850482,12.4610822329949,5.94151979375276,1.46538638988518,16.7866043180259,11.9984323053684,1.93929677118398,0.828600197825955,27.0148615983021,0.767308315089695,1.17875916991123,1.40653340430343,55.9196886172176,51.6881789824747,1.03691446453009
