Experiment_time,Headache,Neck_pain,Back_pain,Blurred_vision,Scalp_irritation,Tingling,Itching,Increased_heart_rate,Burning_sensation,Hot_flush,Dizziness,Acute_mood_change,Fatigue,Anxiety,Others
pre,0.720663622517656,0.601824289361102,0.493916898618756,0.508153234978498,0.122165656047207,0.613421738242098,0,0.614737992991831,0.600562695727581,0,0.373662829642149,0.24124396179649,1.9791961383392,0.49605496039525,1.01622654167087
