Electrode_location,Pain,Itching,Tingling_Electrial,Warmth_Heat,Metalic_Iron,Pleasant
posterior,3.7656285835644,18.0684562978411,24.0163004445634,5.58450227698694,0,109.9831065219
