Electrode_location,Pain,Itching,Tingling_Electrial,Warmth_Heat,Metalic_Iron,Pleasant
post,0.856924255288299,122.559144126186,9.81689658641537,0.971021931079167,0.51732932278607,94.510793466675
