Experiment_time,Headache,Neck_pain,Back_pain,Blurred_vision,Scalp_irritation,Tingling,Itching,Increased_heart_rate,Burning_sensation,Hot_flush,Dizziness,Acute_mood_change,Fatigue,Anxiety,Others
post,0,0.622755687206318,0.720663622517656,0.698694382983471,10.405208766979,0.58582600090433,52.6532759509829,1.29900141166086,1.82658120597098,1.29926915520399,0.889220077225705,0.76902468257804,0.950316771746869,0.609506576675196,1.05440450352184
