Electrode_location,Pain,Itching,Tingling_Electrial,Warmth_Heat,Metalic_Iron,Pleasant
anterior,0.61872086787684,27.0848574956002,58.4889822758179,13.2182373989993,1.44716450369761,94.0950203215798
