Experiment_time,Headache,Neck_pain,Back_pain,Blurred_vision,Scalp_irritation,Tingling,Itching,Increased_heart_rate,Burning_sensation,Hot_flush,Dizziness,Acute_mood_change,Fatigue,Anxiety,Others
pre,0,11.4746426800825,0.33902432445145,0.338356969265259,0.63801126195882,0.346542827690578,0,1.05873372320278,20.3992661146939,0,0,0.342400980752457,0.455622837262048,0.249653232724915,0
