Experiment_time,Headache,Neck_pain,Back_pain,Blurred_vision,Scalp_irritation,Tingling,Itching,Increased_heart_rate,Burning_sensation,Hot_flush,Dizziness,Acute_mood_change,Fatigue,Anxiety,Others
post,0.387127754150951,3.54476645559488,0.471559554076161,0.368851854040212,49.7184794986765,12.0668713980751,3.41094495535572,1.05359671292125,1.97493401088198,0.258669933386774,0.465809082764994,0.8775472532174,13.5616896081364,4.23639479905884,0.407309106672747
