Electrode_location,Pain,Itching,Tingling_Electrial,Warmth_Heat,Metalic_Iron,Pleasant
posterior,0.516164229764837,30.0624450843912,16.2400176997178,7.49249678922262,0.598055309575826,93.7708588374223
