Experiment_time,Headache,Neck_pain,Back_pain,Blurred_vision,Scalp_irritation,Tingling,Itching,Increased_heart_rate,Burning_sensation,Hot_flush,Dizziness,Acute_mood_change,Fatigue,Anxiety,Others
pre,1.26739898523326,7.49585763972986,1.77801199713792,0.879471397010803,1.73570458892839,2.72043148858949,2.27044967066509,1.57766287549771,7.86194933771251,2.05837035719331,1.7740808588179,1.92195595893143,10.4103418519269,1.73946736422429,5.06193942879796
