Electrode_location,Pain,Itching,Tingling_Electrial,Warmth_Heat,Metalic_Iron,Pleasant
posterior,0.860601489833936,20.2494974771717,34.695153531234,0.238731033098909,1.06309863554784,93.3518890005921
