Experiment_time,Headache,Neck_pain,Back_pain,Blurred_vision,Scalp_irritation,Tingling,Itching,Increased_heart_rate,Burning_sensation,Hot_flush,Dizziness,Acute_mood_change,Fatigue,Anxiety,Others
pre,4.8699417162811,1.40653340430343,1.39101488660633,4.29526650879188,2.23600955889427,1.56770367713026,1.93058744116699,5.74866341728777,2.41236465911333,1.31088745463241,8.66891825203874,1.51741412501214,11.0864130116596,8.09388505208141,1.8840502310918
