Experiment_time,Headache,Neck_pain,Back_pain,Blurred_vision,Scalp_irritation,Tingling,Itching,Increased_heart_rate,Burning_sensation,Hot_flush,Dizziness,Acute_mood_change,Fatigue,Anxiety,Others
pre,0.254646232272853,0.701545912345228,0.828600197825955,0.713188635017589,0.122688847839079,0,0.356608130725092,0.467710260038513,0.245376570565495,1.16913932790742,0.849663254506303,0.772480555397595,0.345151123164125,1.34644776008652,0.466757735504498
