Electrode_location,Pain,Itching,Tingling_Electrial,Warmth_Heat,Metalic_Iron,Pleasant
anterior,0.118870741299955,0.690277197865079,0.232908389920523,0.645195469482707,1.04373476606065,95.5808314539331
