Electrode_location,Pain,Itching,Tingling_Electrial,Warmth_Heat,Metalic_Iron,Pleasant
posterior,0.265256343375986,0.622755687206318,4.45899552514572,0.922186427995178,0.584630520705178,93.7224309912769
