Electrode_location,Pain,Itching,Tingling_Electrial,Warmth_Heat,Metalic_Iron,Pleasant
total,16.1160709382827,26.7415263259308,24.0959209166673,19.143239685091,0.608212604826163,93.6710250137785
