Electrode_location,Pain,Itching,Tingling_Electrial,Warmth_Heat,Metalic_Iron,Pleasant
posterior,12.0391121160223,11.3864287964092,40.1316676253148,10.0226035324952,0.236269916473857,88.292145589879
