Electrode_location,Pain,Itching,Tingling_Electrial,Warmth_Heat,Metalic_Iron,Pleasant
posterior,1.45944935499227,14.0362434679265,6.29854228909784,1.26739898523326,0.775967626788966,91.1508764781734
