Electrode_location,Pain,Itching,Tingling_Electrial,Warmth_Heat,Metalic_Iron,Pleasant
total,19.2900462191887,28.4821857470404,62.0891259827189,2.77799605712631,0,83.5877018492769
