Experiment_time,Headache,Neck_pain,Back_pain,Blurred_vision,Scalp_irritation,Tingling,Itching,Increased_heart_rate,Burning_sensation,Hot_flush,Dizziness,Acute_mood_change,Fatigue,Anxiety,Others
post,3.47573410916083,4.77406289459691,2.11648951562989,1.36985539661856,0.72675737854175,2.87488388855477,1.504138729229,18.879720110802,2.81137359452653,2.63099683019671,9.64929109317904,1.48465543187176,15.2221332262684,9.13017648227869,6.11550356628541
