Experiment_time,Headache,Neck_pain,Back_pain,Blurred_vision,Scalp_irritation,Tingling,Itching,Increased_heart_rate,Burning_sensation,Hot_flush,Dizziness,Acute_mood_change,Fatigue,Anxiety,Others
pre,1.06529461467817,0.578725565607762,0.821809328252705,1.07193731832986,0.610806065902096,0.374476886722826,1.18118891332664,0.716159945470409,1.18118891332664,0.998518150079126,1.03926522938422,0.604363444397268,1.34357792280859,1.08319449531398,0.639435276122996
