Electrode_location,Pain,Itching,Tingling_Electrial,Warmth_Heat,Metalic_Iron,Pleasant
posterior,3.54584573638879,12.5421695977883,2.43664824681013,2.67997394010794,0,91.7899106082461
